email,form_preferences,question,bot_answer,history,inferred_preferences
iedD@gmail.com,"{'gender': 'Male', 'identity': 'New local undergraduate', 'priorities': ['Quiet', 'Convenience', 'Facilities'], 'room_types': ['Single Room'], 'budget_range': 'HK$ 20,000 - 26,000', 'additional_info': '需配备千兆光纤接口及24小时供电插座'}",宿舍网申请完多久能开通,"抱歉，目前知識庫中沒有關於宿舍網絡申請後開通時間的相關資料。

關於宿舍網絡服務的詳細資訊，包括：
- 網絡申請流程
- 開通所需時間
- 網絡規格（如千兆光纤接口）
- 插座供電安排

建議您直接聯繫以下部門查詢：
- **ITSC（資訊科技服務中心）**：負責校園網絡服務
- **Student Housing Office（學生宿舍辦公室）**：負責宿舍相關事務

您可以透過學校官網查詢相關聯絡方式，或查收 SHRLO 發送的官方電子郵件，當中通常會包含網絡申請的詳細指引和時間安排。

⚠️ 提醒：網絡服務申請建議提早辦理，以免影響入住後的正常使用。如有特殊技術需求（如千兆光纤、24小時供電插座等），也建議提前與相關部門確認宿舍是否具備相應設施。",,
iedD@gmail.com,"{'gender': 'Male', 'identity': 'New local undergraduate', 'priorities': ['Quiet', 'Convenience', 'Facilities'], 'room_types': ['Single Room'], 'budget_range': 'HK$ 20,000 - 26,000', 'additional_info': '需配备千兆光纤接口及24小时供电插座'}",各栋宿舍楼公共区域插座数量差别大吗,"抱歉，目前知識庫中沒有關於各棟宿舍樓公共區域插座數量的具體資料。

關於宿舍公共區域的電力設施詳情，包括：
- 各宿舍公共休息室的插座數量及分佈
- 茶水間（Pantry）的插座配置
- 洗衣房的插座情況
- 是否提供 24 小時供電插座

建議您直接聯繫 **Student Housing and Residential Life Office (SHRLO)** 或各宿舍的宿舍管理處查詢，他們能提供更詳細的設施資訊。

📧 聯絡方式：
- 電郵：shro@ust.hk
- 辦公地點：Lift Lobby 2, 2/F, Student Activity Centre (SAC)

另外，您提到需要千兆光纤接口及 24 小時供電插座，建議在申請宿舍時或入住後向宿舍管理處確認該宿舍的網絡及電力設施是否符合您的需求。各宿舍的網絡設施可能有所不同，宿舍管理處能提供最準確的資訊。",1. User asked: 宿舍网申请完多久能开通 | Assistant replied: 抱歉，目前知識庫中沒有關於宿舍網絡申請後開通時間的相關資料。 關於宿舍網絡服務的詳細資訊，包括： - 網絡申請流程 - 開通所需時間 - 網...,
iedD@gmail.com,"{'gender': 'Male', 'identity': 'New local undergraduate', 'priorities': ['Quiet', 'Convenience', 'Facilities'], 'room_types': ['Single Room'], 'budget_range': 'HK$ 20,000 - 26,000', 'additional_info': '需配备千兆光纤接口及24小时供电插座'}",宿管值班时间到几点,"抱歉，目前知識庫中沒有關於各宿舍宿管值班時間的具體資料。

關於宿舍管理人員的值班安排，包括：
- 宿管辦公室開放時間
- 值班人員當值時段
- 緊急聯絡方式
- 非辦公時間的支援安排

建議您直接聯繫 **Student Housing and Residential Life Office (SHRLO)** 或您所屬宿舍的舍監辦公室查詢，以獲取最準確的值班時間資訊。

您也可以：
- 查看宿舍大堂張貼的告示
- 參考入住時派發的宿舍手冊
- 向樓層導師 (Floor Tutor) 查詢

⚠️ 提醒：各宿舍的宿管安排可能有所不同，如有緊急情況，通常宿舍會提供 24 小時緊急聯絡電話。","1. User asked: 宿舍网申请完多久能开通 | Assistant replied: 抱歉，目前知識庫中沒有關於宿舍網絡申請後開通時間的相關資料。 關於宿舍網絡服務的詳細資訊，包括： - 網絡申請流程 - 開通所需時間 - 網...
2. User asked: 各栋宿舍楼公共区域插座数量差别大吗 | Assistant replied: 抱歉，目前知識庫中沒有關於各棟宿舍樓公共區域插座數量的具體資料。 關於宿舍公共區域的電力設施詳情，包括： - 各宿舍公共休息室的插座數量及分...",
iedD@gmail.com,"{'gender': 'Male', 'identity': 'New local undergraduate', 'priorities': ['Quiet', 'Convenience', 'Facilities'], 'room_types': ['Single Room'], 'budget_range': 'HK$ 20,000 - 26,000', 'additional_info': '需配备千兆光纤接口及24小时供电插座'}",入住去哪办手续,"抱歉，目前知識庫中沒有關於宿舍入住手續辦理流程的具體資料。

關於入住登記的詳細資訊，包括：
- 入住手續辦理地點
- 所需攜帶文件
- 辦理時間安排
- 鑰匙領取流程
- 入住檢查清單

建議您直接聯繫 **Student Housing and Residential Life Office (SHRLO)** 查詢：
- 📧 電郵：shrlo@ust.hk
- 📍 辦公室地點：可於 HKUST 官網查詢
- 🌐 官網：https://shro.ust.hk/

⚠️ **重要提醒**：新生入住手續通常會透過官方電郵通知，請密切留意 SHRLO 發出的郵件，當中會包含詳細的入住安排、時間表及所需文件清單。如有疑問，建議儘早與 SHRLO 聯繫以確保順利入住。","1. User asked: 宿舍网申请完多久能开通 | Assistant replied: 抱歉，目前知識庫中沒有關於宿舍網絡申請後開通時間的相關資料。 關於宿舍網絡服務的詳細資訊，包括： - 網絡申請流程 - 開通所需時間 - 網...
2. User asked: 各栋宿舍楼公共区域插座数量差别大吗 | Assistant replied: 抱歉，目前知識庫中沒有關於各棟宿舍樓公共區域插座數量的具體資料。 關於宿舍公共區域的電力設施詳情，包括： - 各宿舍公共休息室的插座數量及分...
3. User asked: 宿管值班时间到几点 | Assistant replied: 抱歉，目前知識庫中沒有關於各宿舍宿管值班時間的具體資料。 關於宿舍管理人員的值班安排，包括： - 宿管辦公室開放時間 - 值班人員當值時段...","The student is focused on practical logistics like network setup and facility details, showing a preference for well-equipped, efficiently managed halls with reliable infrastructure and clear support systems."
iedD@gmail.com,"{'gender': 'Male', 'identity': 'New local undergraduate', 'priorities': ['Quiet', 'Convenience', 'Facilities'], 'room_types': ['Single Room'], 'budget_range': 'HK$ 20,000 - 26,000', 'additional_info': '需配备千兆光纤接口及24小时供电插座'}",各栋宿舍楼走到图书馆时间差得多不多,"根據知識庫資料，各棟宿舍樓步行到圖書館的時間**差別較大**，主要取決於宿舍的地理位置。以下是詳細分析：

## 各宿舍到圖書館/教學區的步行時間比較

| 宿舍名稱 | 地理位置特點 | 步行至圖書館/教學區時間 | 距離評價 |
|----------|--------------|------------------------|----------|
| **Hall I** | 最靠近學術大樓和圖書館，經連接橋步行 | 約 300 米，步行約 3-5 分鐘 | ✅ 最近 |
| **Hall II** | 鄰近 Hall I，需經電梯或山路 | 約 5-8 分鐘 | ✅ 很近 |
| **Hall III** | 位於山坡，有兩條路線可達 | 約 8-10 分鐘（視路線而定） | ✅ 近 |
| **Hall IV** | 位置與 Hall II、III 相近 | 約 8-10 分鐘 | ✅ 近 |
| **Hall V** | 「宇宙中心」位置，離其他宿舍較遠 | 約 10-12 分鐘 | ⚠️ 中等 |
| **Hall VI** | 賽馬會宿舍，位置適中 | 約 10-12 分鐘 | ⚠️ 中等 |
| **Hall VII** | 地理位置適中，離海邊和教學區都較近 | 約 10-15 分鐘 | ⚠️ 中等 |
| **Hall VIII** | 位於山腳近海，距離教學樓稍遠 | 約 15-20 分鐘 | ❌ 較遠 |
| **Hall IX** | 所有 Hall 中距離教學樓最遠 | 約 20-25 分鐘 | ❌ 最遠 |

## 重要補充資訊

**Hall I 的優勢**：
- 經連接橋步行約 300 米即可到達圖書館和學術大樓
- 食堂、麥當勞、7-11 便利店、Fusion 超市等都在圖書館建築內
- 下雨時前往學術大樓可以不用帶傘

**Hall VIII & IX 的特點**：
- 雖然距離教學區較遠，但配備有**專門為住戶服務的 24 小時自習室**
- 前往海邊設施十分方便
- 內部設施較新（i Village 建成前最新的兩棟宿舍）

**Hall VII 的平衡性**：
- 地理位置適中，距離海邊設施和教學區都相對較近
- 每層設有學習及宿舍活動室（自習室）

## 給您的建議

作為**新入學本地生**，您的預算為 HK$20,000-26,000，但需要特別注意：

⚠️ **重要提醒**：新入學本地學生**不會被分配到 Single Room**，所有宿舍的 Single Room 欄位均標記為 ❌。您只會被分配到 Double Room、Triple Room 或 Bunk Bed Room。

根據您的優先考慮（安靜、便利、設施）：
- **便利性首選**：Hall I（最近圖書館，但只有 Double Room，年費 HK$19,460）
- **平衡選擇**：Hall VII（地理位置適中、安靜舒適、設施齊全，Double Room 年費 HK$23,630）
- **預算考量**：Hall II/III/IV（Triple Room 年費 HK$15,012，但可能較嘈雜）

⚠️ **申請機制提醒**：宿舍申請時您只能選擇最多 3 個宿舍進行優先排序，**房型由 SHRLO 系統隨機分配，無法指定**。如果您重視安靜環境，建議優先考慮 Hall VII（無 Hall 莊，相對安靜）或 Hall I（管理嚴格）。","1. User asked: 各栋宿舍楼公共区域插座数量差别大吗 | Assistant replied: 抱歉，目前知識庫中沒有關於各棟宿舍樓公共區域插座數量的具體資料。 關於宿舍公共區域的電力設施詳情，包括： - 各宿舍公共休息室的插座數量及分...
2. User asked: 宿管值班时间到几点 | Assistant replied: 抱歉，目前知識庫中沒有關於各宿舍宿管值班時間的具體資料。 關於宿舍管理人員的值班安排，包括： - 宿管辦公室開放時間 - 值班人員當值時段...
3. User asked: 入住去哪办手续 | Assistant replied: 抱歉，目前知識庫中沒有關於宿舍入住手續辦理流程的具體資料。 關於入住登記的詳細資訊，包括： - 入住手續辦理地點 - 所需攜帶文件 - 辦理...","The student is focused on practical logistics like network setup and facility details, showing a preference for well-equipped, efficiently managed halls with reliable infrastructure and clear support systems."
iedD@gmail.com,"{'gender': 'Male', 'identity': 'New local undergraduate', 'priorities': ['Quiet', 'Convenience', 'Facilities'], 'room_types': ['Single Room'], 'budget_range': 'HK$ 20,000 - 26,000', 'additional_info': '需配备千兆光纤接口及24小时供电插座'}",申请单人间要满足什么条件,"根據知識庫資料，關於單人間（Single Room）的申請條件，需要向您說明以下重要資訊：

## 單人間分配資格

**關鍵事實：宿舍申請時無法指定房型，房型由 SHRLO 系統隨機分配。** 學生只能選擇最多 3 個宿舍進行優先排序投遞，具體房型（Single、Double、Triple 或 Bunk Bed）由系統根據名額和需求分配。

### 不同學生類別的 Single Room 可用性

| 學生類別 | Single Room 資格 | 可用宿舍 | 年費範圍 (HK$) |
|----------|------------------|----------|----------------|
| 新入學本地生 | ❌ 不可分配 | 無 | 不適用 |
| 新入學非本地生 | ❌ 不可分配 | 無 | 不適用 |
| 在學本地生 | ✅ 有機會分配 | Hall VII–XIII | $34,472 – $36,974 |
| 在學非本地生 | ✅ 有機會分配 | Hall VII–XIII | $44,202 – $46,982 |

### 針對您的情況（新入學本地本科生）

很遺憾，**新入學本地學生不會被分配到 Single Room**。從官方費用矩陣可見，所有宿舍（Hall I 至 Hall XIII 及 JCH）的 Single Room 欄位對新入學本地生均標記為 ❌。

您目前可獲分配的房型包括：
- **Hall I–IV、VI**：Double Room（HK$19,460）或 Triple Room（HK$15,012）
- **Hall V**：Bunk Bed Room（HK$15,568）
- **Hall VII–XIII**：Double Room（HK$23,630–$25,020）
- **JCH**：Double Room（HK$25,576）

您的預算 HK$20,000–26,000 可覆蓋上述大部分房型。

### 未來獲得 Single Room 的途徑

如果您希望將來有機會入住 Single Room，需滿足以下條件：
1. **成為在學學生**（即完成第一年學業後）
2. **優先投遞 Hall VII–XIII**（只有這些宿舍設有 Single Room）
3. **視乎名額情況**，由 SHRLO 系統隨機分配

### 關於網絡及插座設施

知識庫中暫無關於各宿舍房間內網絡接口（如千兆光纤）及插座配置的詳細資料。建議您直接聯繫 **Student Housing and Residential Life Office (SHRLO)** 查詢具體房間設施規格，以確認是否符合您的設備需求。

---

⚠️ **重要提醒**：
- 宿舍申請截止日期請留意 SHRLO 官方電郵通知
- 房型分配結果以系統隨機分配為準，無法保證獲得特定房型
- 如有特殊住宿需求或困難，可向宿舍錄取及遴選委員會提交特別申請","1. User asked: 宿管值班时间到几点 | Assistant replied: 抱歉，目前知識庫中沒有關於各宿舍宿管值班時間的具體資料。 關於宿舍管理人員的值班安排，包括： - 宿管辦公室開放時間 - 值班人員當值時段...
2. User asked: 入住去哪办手续 | Assistant replied: 抱歉，目前知識庫中沒有關於宿舍入住手續辦理流程的具體資料。 關於入住登記的詳細資訊，包括： - 入住手續辦理地點 - 所需攜帶文件 - 辦理...
3. User asked: 各栋宿舍楼走到图书馆时间差得多不多 | Assistant replied: 根據知識庫資料，各棟宿舍樓步行到圖書館的時間**差別較大**，主要取決於宿舍的地理位置。以下是詳細分析： ## 各宿舍到圖書館/教學區的步行...","The student is focused on practical logistics like network setup and facility details, showing a preference for well-equipped, efficiently managed halls with reliable infrastructure and clear support systems."
iedD@gmail.com,"{'gender': 'Male', 'identity': 'New local undergraduate', 'priorities': ['Quiet', 'Convenience', 'Facilities'], 'room_types': ['Single Room'], 'budget_range': 'HK$ 20,000 - 26,000', 'additional_info': '需配备千兆光纤接口及24小时供电插座'}",各栋宿舍楼公共区域网络信号强弱差别明显吗,"抱歉，目前知識庫中**沒有關於各棟宿舍樓公共區域網絡信號強弱比較的具體資料**。

根據現有資料，我可以確認以下資訊：

**房間內網絡設施：**
所有宿舍房間（Hall I 至 Hall IX）均為每位住戶提供 **internet outlet port（網絡接口）**，並配備空調、書桌、衣櫃等基本設施。空調用電按實際用量收費。

**關於您的額外需求：**
- **千兆光纖接口**：知識庫僅提及房間設有網絡接口，但未說明具體帶寬規格或是否為光纖接口
- **24 小時供電插座**：知識庫未明確說明插座的供電時間安排

**建議：**
由於網絡信號強度可能受建築結構、設備配置等因素影響，且知識庫未提供各宿舍公共區域的網絡信號對比數據，建議您：
1. 直接聯繫 **Student Housing Office** 查詢各宿舍網絡設施的詳細規格
2. 向現住宿舍的師兄師姐了解實際使用體驗
3. 查詢 SHRLO 官方網站是否有網絡服務的技術規格說明

如果您需要了解其他宿舍設施（如洗衣房、公共休息室等）的資訊，我很樂意為您查詢。","1. User asked: 入住去哪办手续 | Assistant replied: 抱歉，目前知識庫中沒有關於宿舍入住手續辦理流程的具體資料。 關於入住登記的詳細資訊，包括： - 入住手續辦理地點 - 所需攜帶文件 - 辦理...
2. User asked: 各栋宿舍楼走到图书馆时间差得多不多 | Assistant replied: 根據知識庫資料，各棟宿舍樓步行到圖書館的時間**差別較大**，主要取決於宿舍的地理位置。以下是詳細分析： ## 各宿舍到圖書館/教學區的步行...
3. User asked: 申请单人间要满足什么条件 | Assistant replied: 根據知識庫資料，關於單人間（Single Room）的申請條件，需要向您說明以下重要資訊： ## 單人間分配資格 **關鍵事實：宿舍申請時無...","The student is concerned about walking distance to the library and prioritises convenience and quietness, showing a strong preference for a hall that is both close to academic buildings and not dominated by noisy hall culture."
iedD@gmail.com,"{'gender': 'Male', 'identity': 'New local undergraduate', 'priorities': ['Quiet', 'Convenience', 'Facilities'], 'room_types': ['Single Room'], 'budget_range': 'HK$ 20,000 - 26,000', 'additional_info': '需配备千兆光纤接口及24小时供电插座'}",公共厨房用完得自己收拾吗 厨具找宿管借要押金不 晚上几点后不让做饭吵到邻居,"根據知識庫資料，關於公共廚房使用、廚具借用及噪音規定的資訊如下：

## 公共廚房使用規則

**清潔責任：**
- 知識庫中**沒有明確規定**公共廚房用完後是否必須自己收拾，但根據一般宿舍管理慣例及 Hall III 的住宿體驗描述，建議使用者保持公共區域整潔。
- Hall III 的資料提到宿管會在晚上房間聲音太大時出來提醒，顯示宿舍有管理人員巡視公共區域秩序。

**廚具借用與押金：**
- 知識庫中**沒有關於廚具借用是否需要押金的具體資料**。
- 部分宿舍（如 Hall III）提到可以從山下買食材後借用 Common Room 的電磁爐和微波爐做飯，但未說明借用流程和押金要求。

**做飯時間與噪音規定：**
- 知識庫中**沒有明確規定晚上幾點後不讓做飯**。
- Hall III 的資料提到宿管會在晚上房間聲音太大時出來提醒，顯示有噪音管理機制。
- Hall IX 的住宿體驗提到整體環境非常安靜，宿管友善。

## 重要提醒

由於知識庫中缺乏關於廚房使用規則、廚具借用押金及具體安靜時間的詳細規定，建議您：

1. **入住時向宿管查詢**：每棟宿舍可能有不同的具體規定
2. **參考宿舍手冊**：入住時會提供詳細的宿舍規則手冊
3. **觀察公共區域告示**：廚房附近通常會張貼使用規則和時間規定
4. **尊重鄰居**：即使在允許做飯的時間內，也應注意控制噪音，避免影響他人休息

如果您需要特定宿舍的詳細規定，建議直接聯繫該宿舍的宿管或 Student Housing Office 查詢。","1. User asked: 各栋宿舍楼走到图书馆时间差得多不多 | Assistant replied: 根據知識庫資料，各棟宿舍樓步行到圖書館的時間**差別較大**，主要取決於宿舍的地理位置。以下是詳細分析： ## 各宿舍到圖書館/教學區的步行...
2. User asked: 申请单人间要满足什么条件 | Assistant replied: 根據知識庫資料，關於單人間（Single Room）的申請條件，需要向您說明以下重要資訊： ## 單人間分配資格 **關鍵事實：宿舍申請時無...
3. User asked: 各栋宿舍楼公共区域网络信号强弱差别明显吗 | Assistant replied: 抱歉，目前知識庫中**沒有關於各棟宿舍樓公共區域網絡信號強弱比較的具體資料**。 根據現有資料，我可以確認以下資訊： **房間內網絡設施：*...","The student is concerned about walking distance to the library and prioritises convenience and quietness, showing a strong preference for a hall that is both close to academic buildings and not dominated by noisy hall culture."
iedD@gmail.com,"{'gender': 'Male', 'identity': 'New local undergraduate', 'priorities': ['Quiet', 'Convenience', 'Facilities'], 'room_types': ['Single Room'], 'budget_range': 'HK$ 20,000 - 26,000', 'additional_info': '需配备千兆光纤接口及24小时供电插座'}",宿生导师会住在宿舍楼里吗 一学期大概见几次面 找导师聊学业问题需要提前预约吗,"根據知識庫資料，關於宿生導師（Hall Tutor）的資訊如下：

## 宿生導師住宿安排

**是的，宿生導師會住在宿舍樓內。**

每棟宿舍樓都配備了多位樓層導師（Hall Tutors），他們負責特定樓層，並住在宿舍內的指定房間。例如：
- Hall II 的導師負責 2/F & 3/F，住在房間 307
- Hall IV 的導師負責 1/F 至 6/F，分別住在各樓層的房間
- Hall IX 的導師負責 G/F 至 6/F，住在各樓層房間

導師的房間號和聯絡電郵都會在宿舍公佈，方便宿生尋找和聯繫。

## 見面頻率

知識庫中**沒有明確說明一學期固定見面幾次**。但宿舍會組織多種活動讓宿生與導師互動，包括：

- **Floor Gathering（樓層聚會）**：由宿舍教育團隊定期組織，促進樓層同學交流和討論
- **Hall Orientation（宿舍迎新）**：新生認識導師和宿友的機會
- **Educational Workshop（教育工作坊）**：導師組織的學習活動
- **Residential Experiential Program（住宿體驗計劃）**：由 SHRLO 組織的跨宿舍活動

導師也會在這些活動中與宿生見面交流。

## 預約諮詢

知識庫中**沒有明確規定是否需要提前預約**。但建議您：

- 導師的電郵和房間號都會公佈，您可以通過電郵聯繫導師約定時間
- 如遇緊急情況，可直接到導師房間尋找（請注意禮貌和時間）
- 導師也鼓勵宿生主動與他們交流期望和問題

## 導師職責

導師不僅協助處理住宿問題，也支持宿生的學術和個人成長。SHRLO 表示：「宿舍社區內有很多人，包括舍監、導師、同儕和 SHRLO 職員，可以提供協助和支持。歡迎您與我們討論，尋找解決困難的方法。」

---

**提醒**：各棟宿舍的導師安排可能略有不同，入住後建議您查看宿舍公佈的導師名單和聯絡方式，主動認識負責您樓層的導師。","1. User asked: 申请单人间要满足什么条件 | Assistant replied: 根據知識庫資料，關於單人間（Single Room）的申請條件，需要向您說明以下重要資訊： ## 單人間分配資格 **關鍵事實：宿舍申請時無...
2. User asked: 各栋宿舍楼公共区域网络信号强弱差别明显吗 | Assistant replied: 抱歉，目前知識庫中**沒有關於各棟宿舍樓公共區域網絡信號強弱比較的具體資料**。 根據現有資料，我可以確認以下資訊： **房間內網絡設施：*...
3. User asked: 公共厨房用完得自己收拾吗 厨具找宿管借要押金不 晚上几点后不让做饭吵到邻居 | Assistant replied: 根據知識庫資料，關於公共廚房使用、廚具借用及噪音規定的資訊如下： ## 公共廚房使用規則 **清潔責任：** - 知識庫中**沒有明確規定*...","The student is concerned about walking distance to the library and prioritises convenience and quietness, showing a strong preference for a hall that is both close to academic buildings and not dominated by noisy hall culture."
iedD@gmail.com,"{'gender': 'Male', 'identity': 'New local undergraduate', 'priorities': ['Quiet', 'Convenience', 'Facilities'], 'room_types': ['Single Room'], 'budget_range': 'HK$ 20,000 - 26,000', 'additional_info': '需配备千兆光纤接口及24小时供电插座'}",洗衣房洗涤剂能从前台买吗 大件物品像被子怎么清洗 洗衣卡余额不足了怎么充值,"根據知識庫資料，關於洗衣房服務、洗滌劑購買、大件物品清洗及洗衣卡充值的資訊如下：

## 洗衣卡充值
宿舍洗衣機均採用智能卡（Smart Card）操作系統。
- **充值方式**：宿舍設有「洗衣服務付費系統」（Laundry Service Payment System），宿生可透過該系統為洗衣卡預先充值（add pre-loaded credit）。
- **操作地點**：具體充值地點（如是否在前台或特定機器）知識庫未詳細說明，建議入住時向宿舍辦公室查詢具體操作步驟。

## 洗滌劑購買
- 知識庫中**沒有明確記載**是否可從前台購買洗衣劑。
- 一般宿舍生活建議：部分宿舍自動販賣機可能有售，或需自行到校園超市購買。建議入住時向前台或宿生導師確認。

## 大件物品（如被子）清洗
- **機器配置**：各宿舍洗衣房均配備洗衣機和烘乾機，但知識庫**未提及**是否有專門清洗大件物品（如被子）的大型洗衣機。
  - Hall I、VIII、IX：10 台洗衣機 + 10 台烘乾機
  - Hall II、V：5 台洗衣機 + 5 台烘乾機
  - Hall III、IV、VI：6 台洗衣機 + 6 台烘乾機
  - Hall VII：4 台洗衣機 + 4 台烘乾機 
- **建議**：若被子體積過大無法放入普通洗衣機，可考慮：
  1. 查詢宿舍是否提供大型洗衣機（需向宿舍辦公室確認）
  2. 使用校園或校外的自助洗衣店（通常配有大型機器）
  3. 手洗或送交專業乾洗服務

## 其他設施
- **熨斗與熨衣板**：各宿舍洗衣房均提供熨斗和熨衣板，但需視乎供應情況（upon request and subject to availability）。

⚠️ **提醒**：由於知識庫未涵蓋洗滌劑購買及大件物品清洗的具體細節，建議入住時向宿舍辦公室或前台查詢以下事項：
1. 洗衣卡充值的具體操作方式及地點
2. 是否可從前台購買洗滌劑
3. 是否有大型洗衣機可供清洗被子等大件物品
4. 洗衣房的開放時間及使用規則","1. User asked: 各栋宿舍楼公共区域网络信号强弱差别明显吗 | Assistant replied: 抱歉，目前知識庫中**沒有關於各棟宿舍樓公共區域網絡信號強弱比較的具體資料**。 根據現有資料，我可以確認以下資訊： **房間內網絡設施：*...
2. User asked: 公共厨房用完得自己收拾吗 厨具找宿管借要押金不 晚上几点后不让做饭吵到邻居 | Assistant replied: 根據知識庫資料，關於公共廚房使用、廚具借用及噪音規定的資訊如下： ## 公共廚房使用規則 **清潔責任：** - 知識庫中**沒有明確規定*...
3. User asked: 宿生导师会住在宿舍楼里吗 一学期大概见几次面 找导师聊学业问题需要提前预约吗 | Assistant replied: 根據知識庫資料，關於宿生導師（Hall Tutor）的資訊如下： ## 宿生導師住宿安排 **是的，宿生導師會住在宿舍樓內。** 每棟宿舍樓...","The student is concerned about practical living conditions like kitchen cleanliness rules, equipment deposits, and noise restrictions, suggesting they value clear guidelines and a well-managed, orderly shared environment."
